user_id,followed_users,liked_reels,view_history
user_0,"user_15,user_4,user_95,user_36,user_32,user_29,user_18,user_14,user_87,user_70,user_12,user_76,user_55,user_5,user_28","reel_258,reel_13,reel_287,reel_101,reel_279,reel_214,reel_112,reel_229,reel_142,reel_3,reel_81,reel_216","reel_142,reel_79,reel_110,reel_172,reel_52,reel_47,reel_194,reel_49,reel_183,reel_176,reel_135,reel_22,reel_235,reel_274,reel_63,reel_193,reel_40,reel_282,reel_150,reel_185"
user_1,"user_25,user_91,user_9,user_6,user_85,user_30,user_99,user_38,user_11,user_13,user_49,user_36,user_59,user_82","reel_83,reel_189,reel_181,reel_107,reel_136,reel_36,reel_87,reel_273,reel_125,reel_83,reel_236,reel_194,reel_138,reel_285,reel_112,reel_166","reel_117,reel_16,reel_161,reel_205,reel_137,reel_33,reel_108,reel_290,reel_161,reel_108,reel_255"
user_2,"user_83,user_59,user_19,user_34,user_18,user_32,user_96,user_72,user_69,user_75,user_55","reel_185,reel_112,reel_70,reel_260,reel_252,reel_46,reel_24,reel_56,reel_78,reel_81,reel_216,reel_32,reel_197,reel_195,reel_239,reel_270,reel_128","reel_5,reel_58,reel_274,reel_136,reel_174,reel_57,reel_150,reel_222,reel_80,reel_232,reel_1,reel_134,reel_256,reel_91,reel_259,reel_54,reel_152,reel_259,reel_101,reel_78,reel_191,reel_82,reel_276,reel_271,reel_0,reel_165,reel_250"
user_3,"user_15,user_47,user_40,user_31,user_8","reel_290,reel_40,reel_43,reel_248,reel_35,reel_272,reel_64,reel_65,reel_243,reel_281,reel_84,reel_135","reel_216,reel_108,reel_276,reel_102,reel_159,reel_204,reel_191,reel_224,reel_264,reel_231,reel_61,reel_126,reel_115,reel_32,reel_173,reel_10,reel_283,reel_117,reel_112,reel_3,reel_36,reel_30,reel_117,reel_34,reel_16,reel_169"
user_4,"user_66,user_31,user_36,user_86,user_63,user_28","reel_292,reel_295,reel_242,reel_124,reel_242,reel_208,reel_97,reel_48,reel_49","reel_181,reel_216,reel_210,reel_239,reel_27,reel_50,reel_31,reel_206,reel_173,reel_55,reel_127,reel_98,reel_97,reel_274,reel_229,reel_71,reel_216,reel_93,reel_142,reel_236,reel_127,reel_38,reel_226"
user_5,"user_13,user_7,user_84,user_70,user_1,user_12,user_97,user_31,user_22,user_53,user_63,user_62,user_28","reel_30,reel_84,reel_194,reel_1,reel_199,reel_135,reel_232,reel_146,reel_216,reel_284,reel_249,reel_79,reel_97,reel_151,reel_111,reel_29,reel_296","reel_31,reel_160,reel_29,reel_25,reel_299,reel_244,reel_257,reel_271,reel_80,reel_29,reel_260,reel_41,reel_95,reel_35,reel_34,reel_120,reel_206,reel_61,reel_291,reel_126,reel_296,reel_20,reel_41,reel_214,reel_298,reel_289,reel_267"
user_6,"user_34,user_27,user_86,user_92,user_41,user_31,user_51,user_17,user_83,user_39","reel_161,reel_37,reel_4,reel_234,reel_288,reel_51,reel_37,reel_275,reel_109,reel_259,reel_135,reel_67,reel_178,reel_35,reel_125,reel_189,reel_145,reel_80,reel_224","reel_154,reel_270,reel_4,reel_283,reel_153,reel_53,reel_68,reel_135,reel_59,reel_54,reel_283,reel_79,reel_139,reel_144,reel_107,reel_175,reel_104,reel_135,reel_258,reel_250,reel_128,reel_26,reel_47,reel_216,reel_141,reel_22,reel_1"
user_7,"user_99,user_17,user_82,user_34,user_21,user_95,user_57,user_71,user_91,user_55","reel_57,reel_38,reel_76,reel_279,reel_18","reel_298,reel_282,reel_75,reel_220,reel_65,reel_21,reel_157,reel_186,reel_20,reel_183,reel_107,reel_127,reel_52,reel_181,reel_286,reel_208,reel_79,reel_121,reel_83,reel_90,reel_211"
user_8,"user_23,user_95,user_43,user_53,user_86","reel_136,reel_81,reel_55,reel_195,reel_19,reel_240,reel_113,reel_102,reel_235,reel_179,reel_156,reel_116","reel_12,reel_98,reel_204,reel_168,reel_142,reel_35,reel_142,reel_179,reel_260,reel_204,reel_274,reel_169,reel_14,reel_59,reel_133,reel_91,reel_297"
user_9,"user_4,user_14,user_77,user_56,user_45,user_94,user_41,user_78,user_66","reel_197,reel_295,reel_97,reel_130,reel_22,reel_223,reel_0,reel_266","reel_100,reel_186,reel_220,reel_35,reel_169,reel_160,reel_63,reel_153,reel_259,reel_158,reel_209,reel_167,reel_206,reel_151,reel_283,reel_65,reel_98,reel_215,reel_194,reel_89,reel_291,reel_154,reel_207,reel_280,reel_0,reel_155,reel_146"
user_10,"user_56,user_75,user_78,user_84,user_42,user_60,user_57,user_87","reel_261,reel_242,reel_86,reel_43,reel_145,reel_263,reel_171,reel_47,reel_120,reel_158,reel_115","reel_75,reel_12,reel_23,reel_125,reel_243,reel_37,reel_233,reel_212,reel_294,reel_99,reel_196,reel_253,reel_204,reel_124,reel_75,reel_2"
user_11,"user_55,user_29,user_23,user_90,user_67,user_60","reel_285,reel_127,reel_62,reel_233,reel_68,reel_237","reel_286,reel_162,reel_226,reel_258,reel_218,reel_280,reel_228,reel_81,reel_243,reel_230,reel_132,reel_126,reel_141,reel_266,reel_248,reel_122,reel_140,reel_225,reel_39,reel_146,reel_120,reel_139,reel_171,reel_163,reel_276,reel_41"
user_12,"user_20,user_30,user_50,user_89,user_91,user_28,user_8","reel_208,reel_169,reel_277,reel_238,reel_212,reel_31,reel_105,reel_215,reel_199,reel_299,reel_10,reel_294,reel_194,reel_244,reel_3,reel_180,reel_152,reel_199","reel_275,reel_279,reel_112,reel_249,reel_112,reel_139,reel_223,reel_248,reel_14,reel_199,reel_172,reel_207,reel_84,reel_239,reel_65,reel_273,reel_13,reel_201,reel_288,reel_13,reel_42,reel_219,reel_69"
user_13,"user_24,user_6,user_34,user_49,user_42,user_28,user_59,user_44,user_98,user_36,user_97,user_54","reel_41,reel_240,reel_9,reel_276,reel_26,reel_179,reel_114,reel_35,reel_20,reel_15,reel_126,reel_102,reel_10","reel_78,reel_122,reel_64,reel_242,reel_58,reel_288,reel_111,reel_238,reel_131,reel_188,reel_85,reel_58,reel_83,reel_159,reel_55,reel_296,reel_13,reel_159,reel_294,reel_192,reel_203,reel_101,reel_38,reel_124,reel_52,reel_154,reel_61,reel_289,reel_21"
user_14,"user_69,user_55,user_85,user_48,user_8,user_65,user_83,user_44,user_1,user_54","reel_54,reel_221,reel_185,reel_235,reel_78,reel_222,reel_90,reel_267,reel_138,reel_275,reel_247,reel_238,reel_223,reel_137,reel_165,reel_125,reel_44,reel_142,reel_230,reel_124","reel_291,reel_194,reel_172,reel_14,reel_253,reel_166,reel_93,reel_249,reel_108,reel_181,reel_132,reel_174,reel_143,reel_141,reel_284,reel_5,reel_264,reel_97,reel_43,reel_123,reel_208,reel_250,reel_284,reel_123"
user_15,"user_83,user_92,user_63,user_58,user_2,user_11,user_38,user_29,user_52,user_89,user_32,user_40","reel_242,reel_283,reel_271,reel_176,reel_217,reel_281,reel_169,reel_180,reel_232,reel_138,reel_156,reel_128,reel_118,reel_61,reel_98,reel_161","reel_274,reel_94,reel_98,reel_110,reel_247,reel_141,reel_268,reel_144,reel_51,reel_99,reel_151,reel_116,reel_184"
user_16,"user_39,user_1,user_91,user_69,user_17,user_36,user_5","reel_283,reel_149,reel_64,reel_251,reel_52,reel_6","reel_145,reel_240,reel_245,reel_225,reel_174,reel_94,reel_26,reel_129,reel_244,reel_58,reel_33,reel_205,reel_251,reel_37,reel_295,reel_27,reel_77,reel_76,reel_288,reel_155,reel_43,reel_127,reel_60,reel_285,reel_213,reel_115,reel_267,reel_194"
user_17,"user_57,user_39,user_76,user_55,user_40,user_73,user_80,user_7,user_79,user_95,user_12,user_98","reel_108,reel_135,reel_41,reel_80,reel_122,reel_88,reel_282,reel_38,reel_80,reel_1,reel_209","reel_240,reel_149,reel_16,reel_118,reel_147,reel_144,reel_232,reel_36,reel_119,reel_135,reel_101,reel_217,reel_58,reel_278,reel_115,reel_76,reel_136,reel_72,reel_36,reel_30,reel_84,reel_157,reel_291,reel_147"
user_18,"user_15,user_60,user_89,user_39,user_90,user_52,user_35,user_65,user_70,user_64,user_57,user_10","reel_221,reel_165,reel_128,reel_13,reel_46,reel_117","reel_10,reel_137,reel_295,reel_20,reel_89,reel_240,reel_265,reel_226,reel_142,reel_92,reel_299,reel_223,reel_251,reel_46,reel_240,reel_178,reel_209,reel_170,reel_164,reel_53,reel_82,reel_168,reel_210,reel_253,reel_147,reel_205,reel_281,reel_18"
user_19,"user_11,user_41,user_33,user_42,user_14,user_99,user_52,user_66,user_0,user_85,user_70,user_60","reel_27,reel_96,reel_265,reel_185,reel_255,reel_226,reel_26,reel_104,reel_136,reel_281,reel_67,reel_147,reel_224,reel_248,reel_62,reel_14,reel_122,reel_81","reel_282,reel_7,reel_282,reel_208,reel_47,reel_115,reel_58,reel_236,reel_60,reel_78,reel_255,reel_149,reel_260,reel_139,reel_212,reel_247,reel_241,reel_124,reel_233"
user_20,"user_18,user_50,user_25,user_77,user_66,user_96,user_17,user_8,user_36,user_99,user_54,user_44,user_65","reel_1,reel_144,reel_152,reel_296,reel_250,reel_76,reel_228,reel_275,reel_247,reel_176,reel_170,reel_282,reel_278","reel_233,reel_164,reel_96,reel_122,reel_292,reel_196,reel_119,reel_210,reel_22,reel_162,reel_242,reel_195,reel_197,reel_77,reel_253,reel_18,reel_64,reel_257,reel_169,reel_51,reel_225,reel_51"
user_21,"user_59,user_1,user_93,user_18,user_53,user_84,user_19,user_9,user_61,user_34,user_44,user_80,user_89","reel_41,reel_168,reel_273,reel_194,reel_162,reel_249,reel_277,reel_18,reel_35,reel_120,reel_147,reel_116,reel_46,reel_222,reel_50,reel_51,reel_227","reel_153,reel_14,reel_23,reel_166,reel_28,reel_150,reel_183,reel_191,reel_220,reel_74,reel_125,reel_271,reel_210,reel_289,reel_92"
user_22,"user_23,user_10,user_79,user_49,user_80,user_88,user_31","reel_298,reel_73,reel_118,reel_236,reel_130,reel_235,reel_130,reel_4,reel_238,reel_147,reel_279,reel_80,reel_37,reel_226,reel_176,reel_153,reel_217,reel_128,reel_233,reel_154","reel_196,reel_247,reel_54,reel_121,reel_195,reel_292,reel_183,reel_294,reel_151,reel_151,reel_11,reel_202,reel_140,reel_4,reel_289,reel_25"
user_23,"user_96,user_64,user_37,user_30,user_78,user_46,user_29,user_82,user_25,user_80,user_33,user_87,user_97,user_93","reel_49,reel_20,reel_158,reel_225,reel_17,reel_296,reel_186,reel_67,reel_46","reel_167,reel_212,reel_89,reel_102,reel_67,reel_276,reel_187,reel_271,reel_256,reel_139,reel_84,reel_131,reel_246,reel_151,reel_173,reel_58,reel_239,reel_38,reel_72"
user_24,"user_87,user_93,user_51,user_72,user_47,user_11,user_1,user_34","reel_232,reel_188,reel_134,reel_299,reel_195,reel_190,reel_55,reel_119","reel_12,reel_287,reel_167,reel_113,reel_32,reel_237,reel_154,reel_209,reel_59,reel_71,reel_23,reel_19,reel_155,reel_252,reel_59,reel_49,reel_120,reel_275,reel_69,reel_198,reel_232,reel_189,reel_276,reel_214,reel_79"
user_25,"user_84,user_12,user_63,user_79,user_53,user_36,user_4,user_89,user_48,user_28,user_57","reel_120,reel_185,reel_50,reel_188,reel_278,reel_183,reel_31,reel_203,reel_141,reel_97,reel_62,reel_232,reel_46,reel_108,reel_10,reel_25,reel_170,reel_124,reel_64","reel_105,reel_35,reel_283,reel_106,reel_110,reel_119,reel_168,reel_75,reel_1,reel_141,reel_74,reel_66,reel_276,reel_128,reel_89,reel_56,reel_13,reel_67,reel_7,reel_183,reel_121,reel_165,reel_8,reel_89,reel_135,reel_26,reel_64,reel_215"
user_26,"user_14,user_96,user_8,user_61,user_58,user_47,user_66,user_76,user_13,user_65,user_29,user_79,user_5","reel_234,reel_15,reel_31,reel_245,reel_205,reel_218,reel_55,reel_251,reel_227,reel_37,reel_41,reel_164,reel_75,reel_33","reel_140,reel_299,reel_280,reel_166,reel_195,reel_271,reel_150,reel_232,reel_258,reel_220,reel_50,reel_58,reel_282,reel_110"
user_27,"user_58,user_30,user_53,user_44,user_59,user_52,user_54,user_94,user_12,user_41,user_55","reel_130,reel_191,reel_78,reel_242,reel_34,reel_46,reel_43,reel_47,reel_221,reel_49,reel_190,reel_66,reel_284,reel_30,reel_287","reel_168,reel_62,reel_210,reel_181,reel_216,reel_26,reel_147,reel_159,reel_180,reel_53,reel_295,reel_259,reel_108,reel_79,reel_246,reel_114,reel_55,reel_179,reel_284,reel_188,reel_58,reel_142,reel_293,reel_115,reel_219,reel_287,reel_285"
user_28,"user_78,user_85,user_89,user_35,user_3","reel_139,reel_158,reel_173,reel_179,reel_3,reel_92,reel_73,reel_289,reel_205,reel_35","reel_15,reel_46,reel_271,reel_110,reel_192,reel_214,reel_232,reel_174,reel_80,reel_189,reel_159,reel_166,reel_290,reel_43"
user_29,"user_19,user_20,user_97,user_80,user_6","reel_139,reel_226,reel_217,reel_248,reel_226,reel_212,reel_139","reel_262,reel_58,reel_176,reel_220,reel_56,reel_145,reel_249,reel_269,reel_157,reel_23,reel_112,reel_202,reel_28,reel_3,reel_104,reel_154"
user_30,"user_99,user_17,user_98,user_33,user_38,user_42,user_15,user_0","reel_220,reel_89,reel_66,reel_194,reel_272,reel_117,reel_256,reel_286,reel_181,reel_36,reel_203,reel_21,reel_223,reel_9,reel_235,reel_39,reel_160,reel_294,reel_219,reel_293","reel_213,reel_148,reel_58,reel_207,reel_10,reel_166,reel_87,reel_235,reel_185,reel_45,reel_223,reel_54,reel_124,reel_223,reel_205,reel_268,reel_40,reel_202,reel_158,reel_173,reel_113,reel_170"
user_31,"user_9,user_66,user_82,user_14,user_68,user_24,user_45","reel_75,reel_120,reel_52,reel_74,reel_131,reel_101,reel_88,reel_78,reel_38,reel_90,reel_252,reel_237,reel_288,reel_296,reel_229,reel_289","reel_165,reel_161,reel_77,reel_225,reel_34,reel_240,reel_226,reel_155,reel_140,reel_28,reel_180,reel_259,reel_37,reel_158,reel_236,reel_231,reel_19,reel_29,reel_188,reel_146,reel_39,reel_46,reel_259,reel_196,reel_236,reel_297,reel_283,reel_21,reel_230,reel_292"
user_32,"user_24,user_42,user_78,user_61,user_65,user_19,user_7,user_58,user_13,user_44,user_92,user_10,user_83,user_22,user_5","reel_224,reel_224,reel_268,reel_267,reel_81,reel_186,reel_190,reel_144,reel_198,reel_209,reel_173,reel_26","reel_171,reel_33,reel_168,reel_48,reel_285,reel_197,reel_145,reel_129,reel_76,reel_170,reel_41,reel_298,reel_72,reel_179,reel_158,reel_200,reel_66,reel_43,reel_158,reel_286,reel_192,reel_168,reel_65,reel_269,reel_47,reel_216,reel_260,reel_185,reel_9,reel_185"
user_33,"user_23,user_27,user_44,user_99,user_63,user_24,user_28,user_17,user_19","reel_151,reel_51,reel_259,reel_276,reel_269,reel_19,reel_172","reel_67,reel_192,reel_78,reel_83,reel_92,reel_84,reel_224,reel_22,reel_210,reel_186,reel_121,reel_227,reel_145,reel_229,reel_119,reel_273,reel_122,reel_158,reel_240,reel_99,reel_188,reel_292,reel_225,reel_236,reel_144,reel_195,reel_257,reel_270,reel_214"
user_34,"user_25,user_78,user_17,user_32,user_6,user_83,user_62","reel_283,reel_52,reel_264,reel_63,reel_145,reel_42,reel_82,reel_139,reel_230,reel_262,reel_75,reel_223,reel_46,reel_113,reel_230,reel_178","reel_212,reel_27,reel_202,reel_257,reel_191,reel_120,reel_197,reel_41,reel_191,reel_114"
user_35,"user_41,user_12,user_92,user_84,user_43","reel_70,reel_19,reel_146,reel_241,reel_71,reel_240,reel_229,reel_2,reel_40","reel_131,reel_110,reel_76,reel_280,reel_270,reel_216,reel_56,reel_147,reel_121,reel_154"
user_36,"user_6,user_30,user_54,user_82,user_80,user_59","reel_56,reel_255,reel_274,reel_8,reel_263,reel_294,reel_123","reel_149,reel_219,reel_0,reel_180,reel_123,reel_292,reel_213,reel_95,reel_43,reel_268,reel_184,reel_34,reel_269,reel_278"
user_37,"user_65,user_71,user_2,user_50,user_61,user_5,user_82,user_48,user_32,user_96,user_46,user_8,user_45","reel_53,reel_297,reel_170,reel_68,reel_22,reel_180,reel_279,reel_173,reel_89,reel_237,reel_245,reel_93","reel_32,reel_234,reel_18,reel_150,reel_103,reel_22,reel_102,reel_21,reel_161,reel_158,reel_263,reel_203,reel_278,reel_242"
user_38,"user_4,user_97,user_83,user_24,user_36,user_46,user_6,user_84,user_43","reel_63,reel_188,reel_223,reel_204,reel_225,reel_197,reel_173,reel_95,reel_254,reel_254,reel_188,reel_265,reel_136","reel_217,reel_40,reel_220,reel_92,reel_279,reel_150,reel_164,reel_52,reel_40,reel_167,reel_151,reel_156"
user_39,"user_78,user_92,user_55,user_21,user_89,user_57,user_45,user_58,user_5,user_94,user_46,user_79","reel_140,reel_29,reel_38,reel_207,reel_186,reel_262,reel_81,reel_15,reel_73,reel_224,reel_17,reel_64,reel_34,reel_120,reel_187,reel_185,reel_196,reel_290","reel_78,reel_230,reel_189,reel_190,reel_227,reel_39,reel_293,reel_70,reel_271,reel_187,reel_203"
user_40,"user_84,user_35,user_31,user_14,user_3,user_95,user_23,user_64,user_67,user_50","reel_134,reel_133,reel_228,reel_109,reel_146,reel_251,reel_102,reel_62","reel_37,reel_231,reel_88,reel_227,reel_44,reel_163,reel_177,reel_33,reel_281,reel_277,reel_148,reel_153,reel_80,reel_89"
user_41,"user_66,user_28,user_15,user_25,user_17,user_30,user_64,user_3,user_47,user_71","reel_239,reel_282,reel_66,reel_44,reel_33,reel_158,reel_203,reel_245,reel_269,reel_210,reel_209,reel_294,reel_37,reel_64,reel_162,reel_37","reel_238,reel_264,reel_176,reel_65,reel_282,reel_93,reel_66,reel_221,reel_257,reel_28,reel_63,reel_265,reel_78,reel_155,reel_84,reel_82,reel_165,reel_115,reel_177,reel_265,reel_145,reel_40,reel_128,reel_100"
user_42,"user_71,user_35,user_16,user_81,user_38,user_79,user_69,user_11,user_65,user_83,user_21,user_76,user_75,user_19,user_85","reel_288,reel_21,reel_14,reel_41,reel_23,reel_295,reel_135,reel_107,reel_292,reel_213,reel_15,reel_254,reel_279,reel_148,reel_154","reel_125,reel_207,reel_152,reel_232,reel_37,reel_30,reel_80,reel_225,reel_212,reel_247,reel_237,reel_104,reel_174,reel_73,reel_160,reel_163,reel_176,reel_204,reel_66,reel_189,reel_263,reel_287,reel_54,reel_163,reel_123"
user_43,"user_15,user_34,user_58,user_31,user_18,user_12,user_6,user_37,user_50,user_79,user_54,user_20","reel_295,reel_160,reel_97,reel_81,reel_255,reel_263,reel_239,reel_255,reel_157,reel_254,reel_11,reel_46,reel_201,reel_258,reel_234","reel_110,reel_298,reel_180,reel_24,reel_25,reel_144,reel_253,reel_240,reel_146,reel_274,reel_4,reel_55,reel_220,reel_68,reel_135,reel_187,reel_206"
user_44,"user_5,user_52,user_6,user_73,user_72,user_24,user_47,user_71,user_36,user_9","reel_258,reel_230,reel_281,reel_143,reel_60,reel_65,reel_49,reel_201,reel_191,reel_173,reel_285,reel_187,reel_73,reel_101,reel_260,reel_205,reel_256","reel_23,reel_19,reel_70,reel_170,reel_242,reel_265,reel_233,reel_76,reel_263,reel_71,reel_167"
user_45,"user_40,user_20,user_51,user_79,user_95,user_38,user_76,user_43,user_65,user_66,user_69,user_63,user_91,user_73","reel_243,reel_8,reel_188,reel_169,reel_56,reel_213,reel_298,reel_157,reel_13,reel_242,reel_135,reel_296,reel_295,reel_116","reel_298,reel_245,reel_87,reel_268,reel_194,reel_75,reel_124,reel_16,reel_293,reel_56,reel_97"
user_46,"user_57,user_40,user_54,user_19,user_53","reel_210,reel_256,reel_241,reel_31,reel_70,reel_265,reel_106,reel_287,reel_166,reel_244,reel_269","reel_160,reel_88,reel_235,reel_272,reel_175,reel_279,reel_181,reel_135,reel_247,reel_98,reel_126,reel_142,reel_285,reel_152,reel_115,reel_152,reel_147,reel_106,reel_250,reel_162,reel_245,reel_178"
user_47,"user_93,user_35,user_36,user_15,user_74,user_87,user_70,user_49,user_51,user_44,user_99,user_18,user_37","reel_147,reel_40,reel_177,reel_226,reel_131,reel_245","reel_103,reel_275,reel_138,reel_287,reel_139,reel_70,reel_55,reel_122,reel_124,reel_25,reel_271,reel_115,reel_119,reel_26,reel_51,reel_211"
user_48,"user_92,user_61,user_12,user_88,user_99,user_17,user_0,user_71,user_20,user_53","reel_244,reel_102,reel_147,reel_164,reel_146,reel_30,reel_45,reel_293,reel_118,reel_273,reel_19,reel_89,reel_213,reel_90,reel_18,reel_203,reel_253,reel_95,reel_148,reel_19","reel_152,reel_290,reel_54,reel_171,reel_145,reel_232,reel_278,reel_268,reel_252,reel_68"
user_49,"user_60,user_34,user_24,user_14,user_42,user_20,user_94,user_59,user_83,user_32,user_92,user_23,user_1","reel_151,reel_290,reel_98,reel_89,reel_207,reel_218,reel_263,reel_167,reel_44,reel_205,reel_48,reel_94,reel_71,reel_244,reel_165","reel_3,reel_133,reel_196,reel_120,reel_228,reel_136,reel_168,reel_154,reel_298,reel_293,reel_5,reel_133,reel_184,reel_120,reel_31,reel_60,reel_238"
user_50,"user_20,user_52,user_88,user_65,user_91,user_99,user_39,user_89,user_15","reel_188,reel_113,reel_112,reel_68,reel_244,reel_78,reel_232,reel_191,reel_212,reel_281,reel_241,reel_275,reel_111,reel_126","reel_41,reel_269,reel_228,reel_270,reel_185,reel_39,reel_288,reel_57,reel_31,reel_280,reel_258,reel_103,reel_293,reel_274,reel_76,reel_84,reel_167,reel_266,reel_226,reel_59,reel_105,reel_298,reel_250,reel_46,reel_261,reel_228,reel_28,reel_232,reel_67"
user_51,"user_54,user_59,user_73,user_7,user_72,user_60,user_87,user_39,user_93,user_2,user_50,user_32,user_0","reel_296,reel_37,reel_23,reel_216,reel_176,reel_32,reel_277,reel_30,reel_35,reel_241,reel_16","reel_209,reel_92,reel_69,reel_215,reel_191,reel_195,reel_229,reel_193,reel_192,reel_41,reel_276,reel_68,reel_178,reel_60,reel_91,reel_275,reel_201,reel_270,reel_65"
user_52,"user_0,user_97,user_2,user_38,user_60,user_87,user_93,user_70","reel_272,reel_194,reel_117,reel_126,reel_235,reel_177,reel_79,reel_141,reel_96,reel_57,reel_16,reel_214,reel_8,reel_123,reel_105,reel_34,reel_51,reel_17","reel_24,reel_125,reel_22,reel_205,reel_224,reel_119,reel_276,reel_111,reel_28,reel_71,reel_257,reel_148,reel_119,reel_294,reel_163,reel_295,reel_164,reel_121,reel_154,reel_73,reel_266,reel_113,reel_211,reel_153"
user_53,"user_7,user_72,user_76,user_95,user_22,user_81,user_87,user_55,user_64","reel_176,reel_195,reel_268,reel_163,reel_213,reel_209","reel_153,reel_192,reel_94,reel_275,reel_242,reel_123,reel_115,reel_153,reel_73,reel_237,reel_29,reel_287,reel_211,reel_213"
user_54,"user_68,user_17,user_49,user_31,user_32,user_26,user_42,user_83,user_10,user_58,user_47,user_11,user_69","reel_26,reel_137,reel_193,reel_20,reel_37,reel_96,reel_286,reel_111,reel_245,reel_106,reel_170","reel_7,reel_108,reel_97,reel_60,reel_245,reel_124,reel_104,reel_203,reel_122,reel_282,reel_164,reel_144,reel_194,reel_238,reel_273,reel_183,reel_157,reel_133,reel_184"
user_55,"user_64,user_60,user_12,user_93,user_61,user_98,user_40,user_26,user_47,user_52,user_5,user_73,user_28","reel_8,reel_133,reel_283,reel_299,reel_296,reel_213,reel_151,reel_78,reel_100","reel_117,reel_194,reel_291,reel_125,reel_255,reel_281,reel_172,reel_131,reel_250,reel_251,reel_235,reel_86,reel_180,reel_86,reel_71,reel_279,reel_250,reel_94,reel_277,reel_30"
user_56,"user_4,user_9,user_86,user_6,user_98,user_0,user_52,user_17,user_81,user_29,user_8,user_91,user_19","reel_111,reel_258,reel_233,reel_191,reel_30","reel_247,reel_249,reel_8,reel_3,reel_272,reel_282,reel_210,reel_6,reel_8,reel_271,reel_140,reel_274,reel_146,reel_8,reel_257,reel_220,reel_91,reel_54,reel_49,reel_268,reel_76,reel_123,reel_98,reel_269,reel_129,reel_181,reel_136,reel_203,reel_40"
user_57,"user_51,user_59,user_73,user_31,user_90,user_28,user_38,user_88,user_10,user_84","reel_47,reel_207,reel_194,reel_193,reel_282,reel_243","reel_4,reel_87,reel_42,reel_255,reel_222,reel_169,reel_289,reel_48,reel_270,reel_21,reel_117"
user_58,"user_89,user_73,user_61,user_34,user_5,user_9,user_88,user_35","reel_91,reel_161,reel_8,reel_106,reel_73,reel_203","reel_153,reel_83,reel_288,reel_123,reel_290,reel_199,reel_276,reel_169,reel_196,reel_71,reel_40,reel_256"
user_59,"user_6,user_12,user_55,user_29,user_9,user_43,user_78,user_99,user_79,user_77","reel_167,reel_15,reel_139,reel_230,reel_251,reel_116,reel_182,reel_283,reel_192,reel_221,reel_95,reel_299,reel_194,reel_43,reel_151,reel_126,reel_37","reel_137,reel_78,reel_194,reel_78,reel_199,reel_162,reel_184,reel_54,reel_46,reel_2,reel_157,reel_227"
user_60,"user_98,user_34,user_13,user_16,user_11,user_23,user_55,user_57,user_72,user_66","reel_52,reel_13,reel_45,reel_181,reel_283,reel_47,reel_166,reel_197,reel_6,reel_149,reel_211,reel_198,reel_43,reel_286,reel_124,reel_292,reel_266,reel_86","reel_86,reel_71,reel_137,reel_154,reel_137,reel_252,reel_74,reel_32,reel_85,reel_222,reel_141,reel_215,reel_153,reel_247,reel_39,reel_184,reel_128,reel_126,reel_253,reel_100,reel_234,reel_54"
user_61,"user_38,user_0,user_50,user_42,user_80,user_48,user_56","reel_220,reel_69,reel_153,reel_164,reel_102,reel_245,reel_160,reel_90,reel_203,reel_163,reel_149,reel_251,reel_294,reel_124,reel_166","reel_143,reel_201,reel_186,reel_58,reel_288,reel_102,reel_279,reel_92,reel_281,reel_13,reel_236,reel_107,reel_224,reel_149,reel_35,reel_209,reel_255,reel_71,reel_155,reel_123,reel_129,reel_78"
user_62,"user_48,user_9,user_57,user_77,user_61,user_75,user_51,user_69,user_65,user_89,user_53","reel_184,reel_274,reel_43,reel_55,reel_127,reel_181","reel_22,reel_288,reel_204,reel_169,reel_220,reel_54,reel_5,reel_50,reel_132,reel_113,reel_261,reel_265,reel_285,reel_297,reel_294"
user_63,"user_57,user_47,user_50,user_59,user_99,user_87,user_76,user_89","reel_176,reel_12,reel_247,reel_53,reel_151,reel_212,reel_43,reel_59,reel_72","reel_159,reel_175,reel_233,reel_105,reel_266,reel_247,reel_178,reel_243,reel_49,reel_224,reel_231,reel_163,reel_34,reel_153,reel_22,reel_58,reel_11,reel_175,reel_55,reel_84,reel_124"
user_64,"user_22,user_71,user_20,user_42,user_72,user_54,user_59,user_29,user_51,user_81,user_23,user_82,user_85","reel_202,reel_14,reel_101,reel_230,reel_219,reel_199,reel_2,reel_109,reel_105,reel_142,reel_32,reel_295,reel_52,reel_274,reel_95,reel_187,reel_166,reel_100","reel_58,reel_134,reel_250,reel_270,reel_160,reel_198,reel_200,reel_58,reel_178,reel_180,reel_234,reel_88,reel_152,reel_43,reel_68,reel_160,reel_60,reel_122,reel_156,reel_59,reel_93,reel_191,reel_72,reel_261"
user_65,"user_53,user_77,user_17,user_74,user_49,user_54,user_23,user_62,user_82,user_69,user_89","reel_284,reel_85,reel_250,reel_147,reel_71,reel_95,reel_161,reel_230,reel_27,reel_183","reel_248,reel_69,reel_99,reel_196,reel_287,reel_258,reel_253,reel_209,reel_251,reel_212"
user_66,"user_62,user_21,user_10,user_73,user_3,user_98,user_28,user_37,user_4,user_35,user_69,user_36","reel_234,reel_289,reel_253,reel_281,reel_261,reel_57,reel_293,reel_58,reel_137,reel_278","reel_277,reel_21,reel_225,reel_279,reel_111,reel_217,reel_52,reel_126,reel_152,reel_16,reel_230,reel_134,reel_178,reel_44,reel_224,reel_60,reel_121,reel_107,reel_179,reel_219,reel_84"
user_67,"user_17,user_26,user_7,user_73,user_44,user_69,user_35,user_77,user_21,user_41,user_91,user_37,user_74,user_34","reel_69,reel_210,reel_30,reel_141,reel_64,reel_67,reel_127,reel_74","reel_126,reel_201,reel_250,reel_72,reel_295,reel_137,reel_212,reel_192,reel_231,reel_38,reel_47,reel_206,reel_263,reel_142,reel_188,reel_232,reel_249,reel_167,reel_297,reel_1"
user_68,"user_94,user_58,user_82,user_86,user_90,user_45","reel_273,reel_203,reel_111,reel_219,reel_108,reel_253,reel_137","reel_145,reel_172,reel_280,reel_295,reel_66,reel_289,reel_248,reel_175,reel_24,reel_23,reel_50,reel_235,reel_8,reel_63,reel_80,reel_225,reel_233,reel_0,reel_219,reel_103"
user_69,"user_84,user_38,user_20,user_35,user_11,user_46,user_32","reel_190,reel_84,reel_26,reel_202,reel_156,reel_119,reel_219","reel_46,reel_48,reel_0,reel_109,reel_244,reel_39,reel_67,reel_115,reel_265,reel_227,reel_4,reel_4,reel_175,reel_61,reel_216,reel_67,reel_244,reel_36,reel_117,reel_196,reel_45,reel_52,reel_52,reel_160,reel_188,reel_153,reel_70,reel_195,reel_68,reel_73"
user_70,"user_67,user_73,user_1,user_79,user_84,user_21","reel_179,reel_109,reel_77,reel_210,reel_226,reel_111,reel_44,reel_51,reel_71,reel_63,reel_196,reel_179,reel_219,reel_161,reel_71,reel_126,reel_141,reel_43,reel_127","reel_145,reel_13,reel_154,reel_105,reel_265,reel_260,reel_96,reel_200,reel_151,reel_27,reel_122,reel_253,reel_197,reel_57,reel_123,reel_255,reel_36,reel_270,reel_6,reel_184,reel_162,reel_67,reel_198,reel_291,reel_215,reel_187,reel_279"
user_71,"user_22,user_98,user_60,user_99,user_9,user_2,user_76,user_8,user_1,user_33,user_27,user_5,user_7,user_50,user_64","reel_256,reel_212,reel_216,reel_205,reel_42,reel_274,reel_275,reel_78,reel_142,reel_42,reel_158,reel_40,reel_261,reel_104","reel_274,reel_167,reel_200,reel_33,reel_158,reel_223,reel_122,reel_29,reel_125,reel_44,reel_222,reel_59,reel_232,reel_28"
user_72,"user_86,user_95,user_85,user_22,user_15,user_1,user_91,user_17,user_90","reel_83,reel_254,reel_177,reel_267,reel_264","reel_85,reel_190,reel_64,reel_137,reel_60,reel_15,reel_171,reel_219,reel_139,reel_268,reel_32,reel_134,reel_295,reel_39,reel_254,reel_233,reel_261,reel_184"
user_73,"user_63,user_72,user_21,user_47,user_20","reel_52,reel_293,reel_59,reel_116,reel_260,reel_1,reel_22,reel_6,reel_125,reel_23,reel_241,reel_186,reel_196","reel_91,reel_18,reel_283,reel_214,reel_114,reel_164,reel_127,reel_213,reel_163,reel_138,reel_39,reel_292,reel_190,reel_61"
user_74,"user_87,user_6,user_22,user_28,user_66,user_5,user_51,user_8,user_59,user_36,user_39,user_41,user_11","reel_4,reel_188,reel_102,reel_149,reel_288,reel_155,reel_124,reel_237,reel_188,reel_252,reel_100,reel_279,reel_125,reel_77,reel_3,reel_209,reel_12,reel_119,reel_277","reel_4,reel_171,reel_0,reel_192,reel_157,reel_53,reel_105,reel_271,reel_121,reel_214,reel_251,reel_30,reel_72,reel_143,reel_47,reel_22,reel_118,reel_266,reel_211,reel_190,reel_234"
user_75,"user_74,user_12,user_64,user_17,user_82,user_50","reel_290,reel_31,reel_222,reel_66,reel_121,reel_149,reel_133","reel_201,reel_167,reel_162,reel_231,reel_139,reel_119,reel_38,reel_103,reel_69,reel_299,reel_55,reel_79,reel_54,reel_84,reel_230,reel_238,reel_160,reel_208,reel_61,reel_274"
user_76,"user_99,user_26,user_57,user_39,user_59,user_33,user_15,user_11,user_20,user_88","reel_20,reel_110,reel_167,reel_75,reel_46,reel_127,reel_182,reel_202,reel_262,reel_25,reel_153,reel_133,reel_89,reel_15","reel_231,reel_284,reel_281,reel_127,reel_48,reel_236,reel_52,reel_71,reel_62,reel_6,reel_31,reel_113,reel_66,reel_101,reel_205,reel_190,reel_43,reel_298,reel_132,reel_38,reel_11,reel_33"
user_77,"user_83,user_56,user_16,user_11,user_42,user_15,user_5,user_59","reel_86,reel_293,reel_221,reel_202,reel_254,reel_15","reel_218,reel_88,reel_181,reel_109,reel_95,reel_140,reel_143,reel_228,reel_76,reel_17,reel_125,reel_151,reel_255,reel_210,reel_281,reel_245,reel_31,reel_44,reel_143,reel_196,reel_70,reel_214"
user_78,"user_83,user_67,user_31,user_81,user_69,user_2,user_48,user_92","reel_245,reel_278,reel_248,reel_176,reel_289,reel_257,reel_164,reel_198,reel_138,reel_92,reel_13,reel_163,reel_112,reel_15,reel_143,reel_29","reel_271,reel_183,reel_299,reel_119,reel_81,reel_51,reel_126,reel_123,reel_136,reel_273,reel_28,reel_112,reel_294,reel_198,reel_181,reel_88,reel_90,reel_121,reel_162,reel_183,reel_14,reel_180,reel_290,reel_288,reel_72"
user_79,"user_24,user_63,user_69,user_39,user_22,user_62,user_4,user_11,user_7,user_29,user_77,user_28,user_2,user_67","reel_0,reel_169,reel_103,reel_66,reel_174,reel_90,reel_165,reel_30,reel_11,reel_75,reel_72,reel_56,reel_269,reel_186,reel_37,reel_191,reel_202,reel_51,reel_172,reel_154","reel_69,reel_80,reel_223,reel_249,reel_162,reel_89,reel_287,reel_182,reel_114,reel_89,reel_193,reel_157,reel_150,reel_65,reel_90,reel_0,reel_293,reel_200,reel_290,reel_16"
user_80,"user_77,user_40,user_78,user_28,user_82,user_72,user_13","reel_72,reel_169,reel_39,reel_121,reel_177,reel_163,reel_85,reel_45,reel_171,reel_228,reel_5,reel_135,reel_107,reel_127,reel_34,reel_179,reel_131,reel_55,reel_0,reel_24","reel_224,reel_214,reel_85,reel_211,reel_252,reel_193,reel_179,reel_279,reel_192,reel_51,reel_245,reel_295,reel_115,reel_83,reel_231,reel_37,reel_17,reel_150,reel_10,reel_163,reel_133,reel_53"
user_81,"user_43,user_21,user_48,user_20,user_94,user_9","reel_173,reel_247,reel_15,reel_220,reel_84,reel_222,reel_80","reel_51,reel_169,reel_105,reel_97,reel_209,reel_283,reel_276,reel_135,reel_144,reel_152,reel_121"
user_82,"user_6,user_50,user_73,user_70,user_62,user_19","reel_184,reel_1,reel_218,reel_44,reel_150,reel_245","reel_49,reel_13,reel_105,reel_87,reel_149,reel_41,reel_242,reel_59,reel_157,reel_203,reel_241,reel_250,reel_135,reel_46,reel_278,reel_198"
user_83,"user_47,user_48,user_23,user_57,user_5,user_33,user_56","reel_134,reel_115,reel_137,reel_288,reel_31,reel_77,reel_49,reel_43,reel_176,reel_277,reel_211,reel_116,reel_283,reel_31,reel_198,reel_267,reel_214,reel_274,reel_243","reel_120,reel_243,reel_153,reel_40,reel_202,reel_17,reel_257,reel_292,reel_264,reel_292,reel_75,reel_61,reel_229,reel_88,reel_85,reel_108,reel_98,reel_64,reel_21,reel_216,reel_40,reel_222,reel_103,reel_75,reel_132,reel_163,reel_34,reel_44"
user_84,"user_71,user_50,user_70,user_41,user_35,user_66,user_58,user_1,user_90,user_79,user_75","reel_57,reel_212,reel_76,reel_75,reel_290,reel_298,reel_51,reel_54,reel_288,reel_51,reel_146,reel_274,reel_176,reel_210,reel_135,reel_196,reel_248,reel_292","reel_242,reel_19,reel_88,reel_141,reel_206,reel_73,reel_205,reel_19,reel_202,reel_169,reel_121,reel_25,reel_243,reel_137,reel_190,reel_10,reel_172,reel_155,reel_159,reel_143,reel_251,reel_50,reel_116,reel_68,reel_153,reel_226,reel_164,reel_137,reel_213"
user_85,"user_82,user_11,user_24,user_56,user_27,user_52,user_95,user_62,user_98,user_66,user_47,user_7,user_65,user_20","reel_159,reel_259,reel_206,reel_69,reel_268,reel_291,reel_14","reel_98,reel_102,reel_29,reel_127,reel_16,reel_233,reel_25,reel_184,reel_101,reel_140,reel_188,reel_237,reel_258,reel_203,reel_63"
user_86,"user_3,user_30,user_47,user_62,user_76,user_57,user_22,user_60,user_75,user_70,user_44,user_20,user_33,user_96,user_89","reel_145,reel_14,reel_197,reel_25,reel_83,reel_292,reel_109","reel_115,reel_105,reel_137,reel_209,reel_262,reel_10,reel_4,reel_242,reel_67,reel_88,reel_4,reel_114,reel_129,reel_156,reel_140,reel_216,reel_192"
user_87,"user_58,user_32,user_27,user_59,user_38,user_86,user_66,user_79,user_50,user_74","reel_3,reel_261,reel_191,reel_287,reel_144,reel_152,reel_55,reel_246","reel_172,reel_141,reel_166,reel_141,reel_133,reel_152,reel_96,reel_76,reel_264,reel_123,reel_29,reel_206"
user_88,"user_40,user_87,user_17,user_93,user_3,user_83,user_63,user_37,user_33,user_53,user_51,user_49,user_95,user_4,user_74","reel_175,reel_113,reel_273,reel_243,reel_183,reel_259,reel_153,reel_87,reel_285,reel_92,reel_150","reel_241,reel_65,reel_132,reel_286,reel_93,reel_171,reel_45,reel_113,reel_181,reel_114,reel_157,reel_215,reel_169"
user_89,"user_33,user_74,user_37,user_59,user_15,user_60,user_6,user_81,user_79,user_9","reel_99,reel_256,reel_61,reel_195,reel_271,reel_152,reel_211,reel_27,reel_77,reel_70,reel_102,reel_175,reel_209,reel_291,reel_234,reel_73,reel_161,reel_92,reel_41,reel_249","reel_90,reel_160,reel_29,reel_2,reel_231,reel_140,reel_107,reel_86,reel_295,reel_81,reel_250,reel_45,reel_66,reel_222,reel_219,reel_206,reel_219,reel_244,reel_196,reel_2"
user_90,"user_68,user_25,user_94,user_47,user_1","reel_271,reel_97,reel_9,reel_2,reel_127,reel_115,reel_176,reel_159,reel_66,reel_52,reel_196,reel_257,reel_156,reel_85,reel_33","reel_152,reel_148,reel_233,reel_266,reel_268,reel_172,reel_222,reel_68,reel_175,reel_250,reel_183"
user_91,"user_21,user_51,user_2,user_29,user_28,user_94,user_16,user_27","reel_258,reel_86,reel_63,reel_187,reel_19","reel_130,reel_273,reel_24,reel_24,reel_55,reel_10,reel_24,reel_59,reel_213,reel_227,reel_194,reel_63,reel_280,reel_129,reel_242,reel_78,reel_105,reel_4,reel_154,reel_215,reel_51,reel_266"
user_92,"user_79,user_77,user_89,user_17,user_53,user_13,user_65,user_93,user_15","reel_58,reel_54,reel_254,reel_101,reel_102,reel_134,reel_267,reel_103,reel_183,reel_209,reel_151,reel_82,reel_20,reel_280","reel_106,reel_246,reel_169,reel_120,reel_1,reel_6,reel_45,reel_56,reel_293,reel_252,reel_76,reel_46,reel_261,reel_38,reel_51,reel_131,reel_118,reel_233,reel_151,reel_135,reel_237,reel_25,reel_51,reel_89,reel_20"
user_93,"user_46,user_86,user_40,user_54,user_95,user_14,user_12,user_98,user_5","reel_70,reel_87,reel_168,reel_183,reel_224","reel_137,reel_47,reel_190,reel_175,reel_93,reel_58,reel_205,reel_204,reel_233,reel_139,reel_197,reel_244,reel_215,reel_85,reel_57,reel_67,reel_30,reel_81,reel_53,reel_213,reel_247,reel_291,reel_224,reel_92,reel_194,reel_183,reel_14,reel_66,reel_247"
user_94,"user_14,user_52,user_56,user_5,user_8,user_33,user_83,user_40,user_1,user_90,user_86,user_67","reel_173,reel_265,reel_267,reel_48,reel_221,reel_127,reel_246,reel_177,reel_197,reel_76,reel_285,reel_27","reel_80,reel_258,reel_240,reel_253,reel_84,reel_38,reel_251,reel_164,reel_123,reel_169"
user_95,"user_6,user_64,user_28,user_70,user_82,user_48,user_51,user_30,user_10","reel_227,reel_293,reel_229,reel_45,reel_255,reel_228,reel_161,reel_60,reel_254,reel_9,reel_52,reel_206,reel_211,reel_18,reel_285,reel_281,reel_0,reel_46,reel_155","reel_287,reel_105,reel_233,reel_174,reel_186,reel_27,reel_114,reel_232,reel_169,reel_286,reel_242,reel_186,reel_231,reel_58,reel_49,reel_113,reel_1,reel_174,reel_181,reel_149,reel_280,reel_267,reel_191,reel_54,reel_23,reel_84"
user_96,"user_17,user_91,user_95,user_92,user_52,user_13,user_32,user_78,user_25,user_24,user_15,user_50","reel_234,reel_97,reel_173,reel_55,reel_212,reel_23,reel_63,reel_230,reel_234,reel_258,reel_68","reel_2,reel_271,reel_24,reel_283,reel_221,reel_299,reel_247,reel_260,reel_90,reel_296,reel_88,reel_65,reel_53,reel_198,reel_164,reel_258,reel_196,reel_214,reel_127,reel_140,reel_203,reel_175,reel_150,reel_231,reel_68"
user_97,"user_52,user_77,user_89,user_95,user_65,user_38,user_70","reel_283,reel_111,reel_102,reel_107,reel_148,reel_176,reel_67,reel_91,reel_257,reel_277,reel_165,reel_59,reel_180,reel_287,reel_245","reel_292,reel_213,reel_273,reel_146,reel_216,reel_6,reel_267,reel_54,reel_12,reel_195,reel_74,reel_27,reel_28,reel_102,reel_136,reel_82,reel_146,reel_128,reel_74,reel_31,reel_151,reel_104,reel_277,reel_16,reel_183,reel_231,reel_52,reel_287"
user_98,"user_95,user_82,user_71,user_49,user_30,user_65,user_89,user_36","reel_195,reel_198,reel_213,reel_160,reel_282,reel_27","reel_128,reel_103,reel_226,reel_115,reel_188,reel_279,reel_100,reel_99,reel_150,reel_229"
user_99,"user_87,user_9,user_23,user_22,user_94,user_65,user_15","reel_20,reel_219,reel_142,reel_284,reel_135,reel_66,reel_82,reel_299,reel_130,reel_2,reel_169,reel_238,reel_79,reel_20,reel_78,reel_165,reel_26","reel_154,reel_251,reel_293,reel_281,reel_183,reel_37,reel_162,reel_269,reel_112,reel_94,reel_266,reel_34,reel_258,reel_81,reel_212,reel_278,reel_274,reel_206,reel_47,reel_178,reel_113,reel_109,reel_169,reel_169,reel_184,reel_150,reel_111,reel_271,reel_243,reel_287"
